Category,setosa,versicolor,virginica
A,0.4,0.5,0.1
B,0.3333333333333333,0.43333333333333335,0.23333333333333334
C,0.3870967741935484,0.2903225806451613,0.3225806451612903
D,0.3103448275862069,0.3448275862068966,0.3448275862068966
E,0.23333333333333334,0.1,0.6666666666666666
